best_test_acc,0.9764
1,0.440773,0.885950,0.190784,0.944900
2,0.174029,0.952183,0.152907,0.957000
3,0.122675,0.966083,0.107767,0.966900
4,0.094897,0.972850,0.096542,0.969400
5,0.077807,0.976750,0.088394,0.973800
6,0.064430,0.980650,0.073101,0.977400
7,0.054397,0.983783,0.079527,0.976000
8,0.046618,0.985883,0.069635,0.980000
best_test_acc,0.9800
